t_burn (days),nu_burn (degrees),Minimum Relative Velocity (km/s),Time at Minimum Relative Velocity (days),Delta-V at Minimum Relative Velocity (km/s)
40.0,0.0,nan,nan,nan
40.0,3.6363636363636362,nan,nan,nan
40.0,7.2727272727272725,nan,nan,nan
40.0,10.909090909090908,nan,nan,nan
40.0,14.545454545454545,nan,nan,nan
40.0,18.18181818181818,nan,nan,nan
40.0,21.818181818181817,nan,nan,nan
40.0,25.454545454545453,nan,nan,nan
40.0,29.09090909090909,nan,nan,nan
40.0,32.72727272727273,nan,nan,nan
40.0,36.36363636363636,nan,nan,nan
40.0,40.0,nan,nan,nan
40.0,43.63636363636363,nan,nan,nan
40.0,47.27272727272727,nan,nan,nan
40.0,50.90909090909091,nan,nan,nan
40.0,54.54545454545455,nan,nan,nan
40.0,58.18181818181818,nan,nan,nan
40.0,61.81818181818181,nan,nan,nan
40.0,65.45454545454545,nan,nan,nan
40.0,69.0909090909091,nan,nan,nan
40.0,72.72727272727272,nan,nan,nan
40.0,76.36363636363636,nan,nan,nan
40.0,80.0,nan,nan,nan
40.0,83.63636363636364,nan,nan,nan
40.0,87.27272727272727,nan,nan,nan
40.0,90.9090909090909,nan,nan,nan
40.0,94.54545454545455,nan,nan,nan
40.0,98.18181818181817,nan,nan,nan
40.0,101.81818181818181,nan,nan,nan
40.0,105.45454545454545,nan,nan,nan
40.0,109.0909090909091,nan,nan,nan
40.0,112.72727272727272,nan,nan,nan
40.0,116.36363636363636,nan,nan,nan
40.0,120.0,nan,nan,nan
40.0,123.63636363636363,nan,nan,nan
40.0,127.27272727272727,nan,nan,nan
40.0,130.9090909090909,nan,nan,nan
40.0,134.54545454545453,nan,nan,nan
40.0,138.1818181818182,nan,nan,nan
40.0,141.8181818181818,nan,nan,nan
40.0,145.45454545454544,nan,nan,nan
40.0,149.0909090909091,nan,nan,nan
40.0,152.72727272727272,nan,nan,nan
40.0,156.36363636363635,nan,nan,nan
40.0,160.0,nan,nan,nan
40.0,163.63636363636363,nan,nan,nan
40.0,167.27272727272728,nan,nan,nan
40.0,170.9090909090909,nan,nan,nan
40.0,174.54545454545453,nan,nan,nan
40.0,178.1818181818182,nan,nan,nan
40.0,181.8181818181818,nan,nan,nan
40.0,185.45454545454544,nan,nan,nan
40.0,189.0909090909091,nan,nan,nan
40.0,192.72727272727272,nan,nan,nan
40.0,196.36363636363635,nan,nan,nan
40.0,200.0,nan,nan,nan
40.0,203.63636363636363,nan,nan,nan
40.0,207.27272727272725,nan,nan,nan
40.0,210.9090909090909,nan,nan,nan
40.0,214.54545454545453,nan,nan,nan
40.0,218.1818181818182,nan,nan,nan
40.0,221.8181818181818,nan,nan,nan
40.0,225.45454545454544,nan,nan,nan
40.0,229.0909090909091,nan,nan,nan
40.0,232.72727272727272,nan,nan,nan
40.0,236.36363636363635,nan,nan,nan
40.0,240.0,nan,nan,nan
40.0,243.63636363636363,nan,nan,nan
40.0,247.27272727272725,nan,nan,nan
40.0,250.9090909090909,nan,nan,nan
40.0,254.54545454545453,nan,nan,nan
40.0,258.1818181818182,nan,nan,nan
40.0,261.8181818181818,nan,nan,nan
40.0,265.45454545454544,nan,nan,nan
40.0,269.09090909090907,nan,nan,nan
40.0,272.7272727272727,nan,nan,nan
40.0,276.3636363636364,nan,nan,nan
40.0,280.0,nan,nan,nan
40.0,283.6363636363636,nan,nan,nan
40.0,287.27272727272725,nan,nan,nan
40.0,290.9090909090909,nan,nan,nan
40.0,294.54545454545456,nan,nan,nan
40.0,298.1818181818182,nan,nan,nan
40.0,301.8181818181818,nan,nan,nan
40.0,305.45454545454544,nan,nan,nan
40.0,309.09090909090907,nan,nan,nan
40.0,312.7272727272727,nan,nan,nan
40.0,316.3636363636364,nan,nan,nan
40.0,320.0,nan,nan,nan
40.0,323.6363636363636,nan,nan,nan
40.0,327.27272727272725,nan,nan,nan
40.0,330.9090909090909,nan,nan,nan
40.0,334.54545454545456,nan,nan,nan
40.0,338.1818181818182,nan,nan,nan
40.0,341.8181818181818,nan,nan,nan
40.0,345.45454545454544,nan,nan,nan
40.0,349.09090909090907,nan,nan,nan
40.0,352.7272727272727,nan,nan,nan
40.0,356.3636363636364,nan,nan,nan
40.0,360.0,nan,nan,nan
-90.0,0.0,nan,nan,nan
-90.0,3.6363636363636362,nan,nan,nan
-90.0,7.2727272727272725,nan,nan,nan
-90.0,10.909090909090908,nan,nan,nan
-90.0,14.545454545454545,nan,nan,nan
-90.0,18.18181818181818,nan,nan,nan
-90.0,21.818181818181817,nan,nan,nan
-90.0,25.454545454545453,nan,nan,nan
-90.0,29.09090909090909,nan,nan,nan
-90.0,32.72727272727273,nan,nan,nan
-90.0,36.36363636363636,nan,nan,nan
-90.0,40.0,nan,nan,nan
-90.0,43.63636363636363,nan,nan,nan
-90.0,47.27272727272727,nan,nan,nan
-90.0,50.90909090909091,nan,nan,nan
-90.0,54.54545454545455,nan,nan,nan
-90.0,58.18181818181818,nan,nan,nan
-90.0,61.81818181818181,nan,nan,nan
-90.0,65.45454545454545,nan,nan,nan
-90.0,69.0909090909091,nan,nan,nan
-90.0,72.72727272727272,nan,nan,nan
-90.0,76.36363636363636,nan,nan,nan
-90.0,80.0,nan,nan,nan
-90.0,83.63636363636364,nan,nan,nan
-90.0,87.27272727272727,nan,nan,nan
-90.0,90.9090909090909,nan,nan,nan
-90.0,94.54545454545455,nan,nan,nan
-90.0,98.18181818181817,nan,nan,nan
-90.0,101.81818181818181,nan,nan,nan
-90.0,105.45454545454545,nan,nan,nan
-90.0,109.0909090909091,nan,nan,nan
-90.0,112.72727272727272,nan,nan,nan
-90.0,116.36363636363636,nan,nan,nan
-90.0,120.0,nan,nan,nan
-90.0,123.63636363636363,nan,nan,nan
-90.0,127.27272727272727,nan,nan,nan
-90.0,130.9090909090909,nan,nan,nan
-90.0,134.54545454545453,nan,nan,nan
-90.0,138.1818181818182,nan,nan,nan
-90.0,141.8181818181818,nan,nan,nan
-90.0,145.45454545454544,nan,nan,nan
-90.0,149.0909090909091,nan,nan,nan
-90.0,152.72727272727272,nan,nan,nan
-90.0,156.36363636363635,nan,nan,nan
-90.0,160.0,nan,nan,nan
-90.0,163.63636363636363,nan,nan,nan
-90.0,167.27272727272728,nan,nan,nan
-90.0,170.9090909090909,nan,nan,nan
-90.0,174.54545454545453,nan,nan,nan
-90.0,178.1818181818182,nan,nan,nan
-90.0,181.8181818181818,nan,nan,nan
-90.0,185.45454545454544,nan,nan,nan
-90.0,189.0909090909091,nan,nan,nan
-90.0,192.72727272727272,nan,nan,nan
-90.0,196.36363636363635,nan,nan,nan
-90.0,200.0,nan,nan,nan
-90.0,203.63636363636363,nan,nan,nan
-90.0,207.27272727272725,nan,nan,nan
-90.0,210.9090909090909,nan,nan,nan
-90.0,214.54545454545453,nan,nan,nan
-90.0,218.1818181818182,nan,nan,nan
-90.0,221.8181818181818,nan,nan,nan
-90.0,225.45454545454544,nan,nan,nan
-90.0,229.0909090909091,nan,nan,nan
-90.0,232.72727272727272,nan,nan,nan
-90.0,236.36363636363635,nan,nan,nan
-90.0,240.0,nan,nan,nan
-90.0,243.63636363636363,nan,nan,nan
-90.0,247.27272727272725,nan,nan,nan
-90.0,250.9090909090909,nan,nan,nan
-90.0,254.54545454545453,nan,nan,nan
-90.0,258.1818181818182,nan,nan,nan
-90.0,261.8181818181818,nan,nan,nan
-90.0,265.45454545454544,nan,nan,nan
-90.0,269.09090909090907,nan,nan,nan
-90.0,272.7272727272727,nan,nan,nan
-90.0,276.3636363636364,nan,nan,nan
-90.0,280.0,nan,nan,nan
-90.0,283.6363636363636,nan,nan,nan
-90.0,287.27272727272725,nan,nan,nan
-90.0,290.9090909090909,nan,nan,nan
-90.0,294.54545454545456,nan,nan,nan
-90.0,298.1818181818182,nan,nan,nan
-90.0,301.8181818181818,nan,nan,nan
-90.0,305.45454545454544,nan,nan,nan
-90.0,309.09090909090907,nan,nan,nan
-90.0,312.7272727272727,nan,nan,nan
-90.0,316.3636363636364,nan,nan,nan
-90.0,320.0,nan,nan,nan
-90.0,323.6363636363636,nan,nan,nan
-90.0,327.27272727272725,nan,nan,nan
-90.0,330.9090909090909,nan,nan,nan
-90.0,334.54545454545456,nan,nan,nan
-90.0,338.1818181818182,nan,nan,nan
-90.0,341.8181818181818,nan,nan,nan
-90.0,345.45454545454544,nan,nan,nan
-90.0,349.09090909090907,nan,nan,nan
-90.0,352.7272727272727,nan,nan,nan
-90.0,356.3636363636364,nan,nan,nan
-90.0,360.0,nan,nan,nan
-200.0,0.0,54.15887214401145,-15.891567242918578,14.336708348238899
-200.0,3.6363636363636362,52.378899579767456,-15.891567242918578,14.803583314071163
-200.0,7.2727272727272725,53.131009102640284,-27.470713957200424,13.445296279356553
-200.0,10.909090909090908,51.19939224377707,-27.470713957200424,13.882820450887035
-200.0,14.545454545454545,49.24031359365928,-27.470713957200424,14.483045132000417
-200.0,18.18181818181818,49.952431418062126,-39.04986067148227,12.837814927439128
-200.0,21.818181818181817,47.83976720555103,-39.04986067148227,13.487482740984422
-200.0,25.454545454545453,45.71223272394326,-39.04986067148227,14.324687908895552
-200.0,29.09090909090909,46.41576162560441,-50.62900738576412,12.425164385497139
-200.0,32.72727272727273,44.144502276329746,-50.62900738576412,13.442431101192913
-200.0,36.36363636363636,41.88101670113028,-50.62900738576412,14.649964226004037
-200.0,40.0,42.60852433025206,-62.20815410004599,12.714870270752218
-200.0,43.63636363636363,40.24044132531105,-62.20815410004599,14.26164918619855
-200.0,47.27272727272727,41.18714490223747,-73.78730081432784,12.441905382296722
-200.0,50.90909090909091,38.766341306491114,-73.78730081432784,14.4688359088553
-200.0,54.54545454545455,40.042997669359885,-85.36644752860968,13.151833905298846
-200.0,58.18181818181818,41.89328648632185,-96.94559424289153,12.36534623191859
-200.0,61.81818181818181,44.54298348002265,-108.52474095717339,12.808451885436789
-200.0,65.45454545454545,nan,nan,nan
-200.0,69.0909090909091,nan,nan,nan
-200.0,72.72727272727272,nan,nan,nan
-200.0,76.36363636363636,nan,nan,nan
-200.0,80.0,nan,nan,nan
-200.0,83.63636363636364,nan,nan,nan
-200.0,87.27272727272727,nan,nan,nan
-200.0,90.9090909090909,nan,nan,nan
-200.0,94.54545454545455,nan,nan,nan
-200.0,98.18181818181817,nan,nan,nan
-200.0,101.81818181818181,nan,nan,nan
-200.0,105.45454545454545,nan,nan,nan
-200.0,109.0909090909091,nan,nan,nan
-200.0,112.72727272727272,nan,nan,nan
-200.0,116.36363636363636,nan,nan,nan
-200.0,120.0,nan,nan,nan
-200.0,123.63636363636363,nan,nan,nan
-200.0,127.27272727272727,nan,nan,nan
-200.0,130.9090909090909,nan,nan,nan
-200.0,134.54545454545453,nan,nan,nan
-200.0,138.1818181818182,nan,nan,nan
-200.0,141.8181818181818,nan,nan,nan
-200.0,145.45454545454544,nan,nan,nan
-200.0,149.0909090909091,nan,nan,nan
-200.0,152.72727272727272,nan,nan,nan
-200.0,156.36363636363635,nan,nan,nan
-200.0,160.0,nan,nan,nan
-200.0,163.63636363636363,nan,nan,nan
-200.0,167.27272727272728,nan,nan,nan
-200.0,170.9090909090909,nan,nan,nan
-200.0,174.54545454545453,nan,nan,nan
-200.0,178.1818181818182,nan,nan,nan
-200.0,181.8181818181818,nan,nan,nan
-200.0,185.45454545454544,nan,nan,nan
-200.0,189.0909090909091,26.972236170189507,343.0619808998187,14.923265265269814
-200.0,192.72727272727272,25.41680437085406,377.7994210426643,14.885590563954421
-200.0,196.36363636363635,24.53716369534997,400.95771447122803,14.988477999998562
-200.0,200.0,24.705883958766783,400.95771447122803,14.942651532175283
-200.0,203.63636363636363,25.39126674108515,389.3785677569462,14.80093688416531
-200.0,207.27272727272725,25.529660791350658,389.3785677569462,14.945083745466263
-200.0,210.9090909090909,26.21378283402938,377.7994210426643,14.944271293056952
-200.0,214.54545454545453,26.910876052505163,366.22027432838246,14.997968310549345
-200.0,218.1818181818182,28.27187515318289,343.0619808998187,14.794383817354827
-200.0,221.8181818181818,29.03072203160779,331.4828341855369,14.916389218109055
-200.0,225.45454545454544,30.56253649113968,308.32454075697325,14.709283721577194
-200.0,229.0909090909091,31.398190139051778,296.7453940426913,14.87531533587978
-200.0,232.72727272727272,33.14156106672701,273.5871006141277,14.634473869852203
-200.0,236.36363636363635,34.07451669161149,262.0079538998458,14.817302516796461
-200.0,240.0,36.08410731735728,238.84966047128214,14.512218975902591
-200.0,243.63636363636363,37.142401416180746,227.27051375700032,14.683589990769061
-200.0,247.27272727272725,38.24098048636417,215.69136704271838,14.85544118250202
-200.0,250.9090909090909,40.71379321934215,192.53307361415474,14.421491552667096
-200.0,254.54545454545453,41.98985264719426,180.95392689987287,14.542579140244063
-200.0,258.1818181818182,43.32493365204746,169.37478018559102,14.645624638318449
-200.0,261.8181818181818,44.72409436398852,157.79563347130917,14.72508972299583
-200.0,265.45454545454544,46.19246599730787,146.21648675702733,14.775949494637016
-200.0,269.09090909090907,47.734987659374156,134.63734004274548,14.793919023344484
-200.0,272.7272727272727,49.35595154866619,123.05819332846362,14.775823845147874
-200.0,276.3636363636364,51.058278370692584,111.47904661418175,14.72020426968367
-200.0,280.0,52.84248010170744,99.89989989989994,14.62829004952247
-200.0,283.6363636363636,54.70519086232512,88.32075318561806,14.505545141620113
-200.0,287.27272727272725,56.63731332892462,76.74160647133624,14.364049307415828
-200.0,290.9090909090909,56.041969578933106,76.74160647133624,14.902582002230732
-200.0,294.54545454545456,57.96162242673999,65.16245975705436,14.67360402717679
-200.0,298.1818181818182,59.90397871559115,53.5833130427725,14.460589053803979
-200.0,301.8181818181818,59.1297752472768,53.5833130427725,14.868058093767806
-200.0,305.45454545454544,60.98655748837812,42.004166328490676,14.588058441207833
-200.0,309.09090909090907,60.092108525387765,42.004166328490676,14.9390340851986
-200.0,312.7272727272727,61.82004932652384,30.425019614208807,14.612798323926835
-200.0,316.3636363636364,60.79945687143862,30.425019614208807,14.889596114329406
-200.0,320.0,62.36894016704281,18.84587289992698,14.552794128397403
-200.0,323.6363636363636,61.21704576196792,18.84587289992698,14.735247005852129
-200.0,327.27272727272725,62.62950940465654,7.266726185645115,14.437268116833806
-200.0,330.9090909090909,61.34143246261817,7.266726185645115,14.501666564177867
-200.0,334.54545454545456,60.008212610022404,7.266726185645115,14.672216275731301
-200.0,338.1818181818182,58.63134811175734,7.266726185645115,14.945896699685889
-200.0,341.8181818181818,59.73651450849269,-4.312420528636711,14.25920953059231
-200.0,345.45454545454544,58.21813962125028,-4.312420528636711,14.425201669974332
-200.0,349.09090909090907,56.65842429199975,-4.312420528636711,14.711587266384758
-200.0,352.7272727272727,57.61165720137595,-15.891567242918578,13.819839956986801
-200.0,356.3636363636364,55.904043177641434,-15.891567242918578,14.005556641961055
-200.0,360.0,54.15887214401147,-15.891567242918578,14.336708348238904
-400.0,0.0,49.98279487039022,-21.14186258330402,13.059566211748606
-400.0,3.6363636363636362,48.94249426062174,-21.14186258330402,13.7078470692896
-400.0,7.2727272727272725,47.888125789209724,-21.14186258330402,14.367294784533934
-400.0,10.909090909090908,47.10865420593724,-34.72100729357986,12.814312720183093
-400.0,14.545454545454545,46.02554713038719,-34.72100729357986,13.542056845010112
-400.0,18.18181818181818,44.93410600851481,-34.72100729357986,14.278621565635152
-400.0,21.818181818181817,44.284320778184615,-48.30015200385569,12.924847020819394
-400.0,25.454545454545453,43.17914868684576,-48.30015200385569,13.744597837479333
-400.0,29.09090909090909,42.0738591296487,-48.30015200385569,14.569172251768556
-400.0,32.72727272727273,41.675547090081146,-61.87929671413157,13.506845195812588
-400.0,36.36363636363636,40.576001052548136,-61.87929671413157,14.423442210621758
-400.0,40.0,40.48702271604941,-75.45844142440741,13.633127253115532
-400.0,43.63636363636363,39.41009741114291,-75.45844142440741,14.647215672531845
-400.0,47.27272727272727,39.64430418832892,-89.03758613468324,14.183570156778366
-400.0,50.90909090909091,40.17651156959662,-102.61673084495908,13.99331955919402
-400.0,54.54545454545455,40.99100531777562,-116.1958755552349,14.126478946672558
-400.0,58.18181818181818,42.079051637634244,-129.77502026551076,14.634181857020085
-400.0,61.81818181818181,56.2505030474409,33.17471625779936,14.801344322822144
-400.0,65.45454545454545,56.513121405693326,33.17471625779936,14.828003825665169
-400.0,69.0909090909091,56.75585673161511,33.17471625779936,14.86772180727516
-400.0,72.72727272727272,56.9789467618697,33.17471625779936,14.919722997625186
-400.0,76.36363636363636,57.18239481304533,33.17471625779936,14.983496733340125
-400.0,80.0,59.152697269653146,19.595571547523484,14.739201398791016
-400.0,83.63636363636364,59.33899907217467,19.595571547523484,14.794741318025604
-400.0,87.27272727272727,59.5049249994893,19.595571547523484,14.861301605157212
-400.0,90.9090909090909,59.6499141454015,19.595571547523484,14.938574820632432
-400.0,94.54545454545455,61.0941507202953,6.016426837247693,14.787433376223374
-400.0,98.18181818181817,61.2297911622105,6.016426837247693,14.8578832805619
-400.0,101.81818181818181,61.34514081855041,6.016426837247693,14.937345883416894
-400.0,105.45454545454545,nan,nan,nan
-400.0,109.0909090909091,nan,nan,nan
-400.0,112.72727272727272,nan,nan,nan
-400.0,116.36363636363636,nan,nan,nan
-400.0,120.0,nan,nan,nan
-400.0,123.63636363636363,nan,nan,nan
-400.0,127.27272727272727,nan,nan,nan
-400.0,130.9090909090909,nan,nan,nan
-400.0,134.54545454545453,nan,nan,nan
-400.0,138.1818181818182,nan,nan,nan
-400.0,141.8181818181818,nan,nan,nan
-400.0,145.45454545454544,nan,nan,nan
-400.0,149.0909090909091,24.85690406733209,399.81162343524704,14.978706893890418
-400.0,152.72727272727272,22.314037221055997,481.28649169690215,14.91424164166843
-400.0,156.36363636363635,20.29829500762486,562.761359958557,14.977506748681371
-400.0,160.0,19.244524745963442,617.0779387996604,14.930153902820622
-400.0,163.63636363636363,18.317324129173176,671.3945176407638,14.966025179513897
-400.0,167.27272727272728,17.73881783868771,712.1319517715913,14.991034385821122
-400.0,170.9090909090909,17.679428074551616,725.7110964818672,14.905114887294902
-400.0,174.54545454545453,17.617124057115415,739.2902411921431,14.911233847161693
-400.0,178.1818181818182,17.78926265796168,739.2902411921431,14.900427452932458
-400.0,181.8181818181818,17.95505416568036,739.2902411921431,14.9790755126459
-400.0,185.45454545454544,18.61757824967124,712.1319517715913,14.892391521606791
-400.0,189.0909090909091,19.309547604777684,684.9736623510397,14.862519612897357
-400.0,192.72727272727272,20.033185029123576,657.8153729304879,14.885812361726318
-400.0,196.36363636363635,20.79101335482711,630.6570835099363,14.957417206653687
-400.0,200.0,21.929222010514994,589.9196493791088,14.892188205811975
-400.0,203.63636363636363,23.170900216645286,549.1822152482813,14.831166753170441
-400.0,207.27272727272725,24.107693226247555,522.0239258277295,14.979834471650365
-400.0,210.9090909090909,25.558916126533607,481.28649169690215,14.914386757330202
-400.0,214.54545454545453,27.167856095098415,440.5490575660746,14.819013666411001
-400.0,218.1818181818182,28.378134492770016,413.3907681455228,14.960278309599829
-400.0,221.8181818181818,30.319990087779882,372.65333401469536,14.789824701419777
-400.0,225.45454545454544,31.783840516996392,345.4950445941436,14.87782290832041
-400.0,229.0909090909091,33.374107391044745,318.33675517359194,14.933547243077545
-400.0,232.72727272727272,35.111558030985975,291.17846575304026,14.94610493879097
-400.0,236.36363636363635,37.02175565020977,264.02017633248863,14.903886051375485
-400.0,240.0,39.136232389343405,236.86188691193695,14.794320944951481
-400.0,243.63636363636363,41.493765615116054,209.70359749138527,14.603577212377497
-400.0,247.27272727272725,42.76229068731009,196.1244527811094,14.823064506712097
-400.0,250.9090909090909,45.56024814357415,168.96616336055772,14.46271724125659
-400.0,254.54545454545453,47.050489268995115,155.38701865028193,14.559755154063753
-400.0,258.1818181818182,48.61561941484324,141.80787394000603,14.598953987356921
-400.0,261.8181818181818,50.257450139777774,128.22872922973025,14.571149276093529
-400.0,265.45454545454544,51.973956813354704,114.64958451945438,14.466191747512944
-400.0,269.09090909090907,53.756392014667256,101.0704398091785,14.272776917391482
-400.0,272.7272727272727,53.516876394533284,101.0704398091785,14.838813570000708
-400.0,276.3636363636364,55.304625637890965,87.49129509890271,14.509750279776899
-400.0,280.0,57.09819884070639,73.91215038862683,14.06111738759032
-400.0,283.6363636363636,56.74500815862746,73.91215038862683,14.571854805197695
-400.0,287.27272727272725,58.43493516849648,60.333005678351036,13.946695870233818
-400.0,290.9090909090909,58.00415680219815,60.333005678351036,14.434390020805589
-400.0,294.54545454545456,57.544685808879315,60.333005678351036,14.939048815308576
-400.0,298.1818181818182,58.98184954593864,46.75386096807516,14.076434031532667
-400.0,301.8181818181818,58.44094282465779,46.75386096807516,14.55897491409453
-400.0,305.45454545454544,59.55889678534392,33.17471625779936,13.485064308124779
-400.0,309.09090909090907,58.93513906947775,33.17471625779936,13.94823279430502
-400.0,312.7272727272727,58.28341845736261,33.17471625779936,14.429610665081475
-400.0,316.3636363636364,57.60440291471368,33.17471625779936,14.926672241848307
-400.0,320.0,58.188211473367744,19.595571547523484,13.581673964206804
-400.0,323.6363636363636,57.42979232251967,19.595571547523484,14.071291417329089
-400.0,327.27272727272725,56.645622421618434,19.595571547523484,14.577110312859373
-400.0,330.9090909090909,56.709375247613266,6.016426837247693,13.033967036814296
-400.0,334.54545454545456,55.85384156624723,6.016426837247693,13.546370160755973
-400.0,338.1818181818182,54.97464867307725,6.016426837247693,14.075827984983782
-400.0,341.8181818181818,54.0728699412319,6.016426837247693,14.619668488474556
-400.0,345.45454545454544,53.64645100978928,-7.562717873028186,12.954985898274423
-400.0,349.09090909090907,52.686579439064,-7.562717873028186,13.526643134814618
-400.0,352.7272727272727,51.707044339581955,-7.562717873028186,14.113035776449486
-400.0,356.3636363636364,50.709284780453196,-7.562717873028186,14.71144676035979
-400.0,360.0,49.98279487039022,-21.14186258330402,13.059566211748605
-700.0,0.0,38.40259203857294,194.26383340297266,14.537889908304932
-700.0,3.6363636363636362,37.18416271390189,210.85499914328756,14.984016967600958
-700.0,7.2727272727272725,37.2056752982538,210.85499914328756,14.841290273092946
-700.0,10.909090909090908,37.232049285881814,210.85499914328756,14.711265644451931
-700.0,14.545454545454545,37.263483442301485,210.85499914328756,14.593531045707413
-700.0,18.18181818181818,37.300120251390766,210.85499914328756,14.487954209262545
-700.0,21.818181818181817,36.11798540211649,227.4461648836023,14.948379574344091
-700.0,25.454545454545453,36.15494303554321,227.4461648836023,14.857997262492558
-700.0,29.09090909090909,36.19751435571784,227.4461648836023,14.780818370642757
-700.0,32.72727272727273,36.2456965178085,227.4461648836023,14.71825073479045
-700.0,36.36363636363636,36.29931427648274,227.4461648836023,14.672225532927492
-700.0,40.0,36.358128001322235,227.4461648836023,14.645301147031473
-700.0,43.63636363636363,36.421769407332846,227.4461648836023,14.640794344717714
-700.0,47.27272727272727,36.48974415718793,227.4461648836023,14.662944291785697
-700.0,50.90909090909091,36.56130911618056,227.4461648836023,14.717115040620783
-700.0,54.54545454545455,36.63541785896055,227.4461648836023,14.810041189079891
-700.0,58.18181818181818,36.710742309936265,227.4461648836023,14.950118214838133
-700.0,61.81818181818181,38.096718766999516,210.85499914328756,14.696425636208351
-700.0,65.45454545454545,38.172308923215695,210.85499914328756,14.962451588042303
-700.0,69.0909090909091,39.674301829111755,194.26383340297266,14.83256543060092
-700.0,72.72727272727272,41.30160393345771,177.67266766265774,14.745103192849935
-700.0,76.36363636363636,43.06595835660216,161.08150192234285,14.67842851102412
-700.0,80.0,44.980668674736165,144.49033618202793,14.60273670005056
-700.0,83.63636363636364,47.05983940283703,127.89917044171304,14.48213461724479
-700.0,87.27272727272727,46.79915029257282,-120.96831566301027,14.750742277142638
-700.0,90.9090909090909,47.55549943497388,-120.96831566301027,14.35641902765033
-700.0,94.54545454545455,48.23769463022385,-120.96831566301027,14.061808009002046
-700.0,98.18181818181817,48.857338868782456,-120.96831566301027,13.841037900365983
-700.0,101.81818181818181,49.4243615000982,-120.96831566301027,13.67569118848375
-700.0,105.45454545454545,49.94681863125,-120.96831566301027,13.552420974913959
-700.0,109.0909090909091,50.43113306097381,-120.96831566301027,13.46135319778498
-700.0,112.72727272727272,50.88248454763903,-120.96831566301027,13.395033582922954
-700.0,116.36363636363636,51.3050277147652,-120.96831566301027,13.347727671579081
-700.0,120.0,51.70215947321515,-120.96831566301027,13.31494730427811
-700.0,123.63636363636363,52.076633531863635,-120.96831566301027,13.29312375321507
-700.0,127.27272727272727,22.66074547202311,592.45181117053,14.912638328667065
-700.0,130.9090909090909,20.457704631505337,708.5899713527342,14.984826331786014
-700.0,134.54545454545453,19.200877155690417,791.5458000543088,14.935689032108145
-700.0,138.1818181818182,18.1148615086981,874.5016287558832,14.927062482104896
-700.0,141.8181818181818,17.16798603325178,957.4574574574576,14.944642531060847
-700.0,145.45454545454544,17.309660395696763,957.4574574574576,14.520704007685179
-700.0,149.0909090909091,17.451865840059213,957.4574574574576,14.152641039356498
-700.0,152.72727272727272,17.59426527759902,957.4574574574576,13.846009532916016
-700.0,156.36363636363635,17.736470645897192,957.4574574574576,13.60663796776171
-700.0,160.0,17.878057914074954,957.4574574574576,13.440140559207231
-700.0,163.63636363636363,18.018578118218844,957.4574574574576,13.351427692794218
-700.0,167.27272727272728,18.157566124604756,957.4574574574576,13.344253846686424
-700.0,170.9090909090909,18.29454838770924,957.4574574574576,13.420857658667057
-700.0,174.54545454545453,18.429049136883133,957.4574574574576,13.581745952845266
-700.0,178.1818181818182,18.560595141005763,957.4574574574576,13.82565202950789
-700.0,181.8181818181818,18.68871975396929,957.4574574574576,14.149665078078122
-700.0,185.45454545454544,18.812966465449097,957.4574574574576,14.549494730821781
-700.0,189.0909090909091,19.15727919475251,940.8662917171425,14.90769207740824
-700.0,192.72727272727272,20.23358413083685,874.5016287558832,14.969402777426764
-700.0,196.36363636363635,21.70513000434242,791.5458000543088,14.914458219168683
-700.0,200.0,23.055049901276714,725.1811370930491,14.985706610799424
-700.0,203.63636363636363,24.94452232329857,642.2253083914745,14.891547144084592
-700.0,207.27272727272725,26.70848376882115,575.8606454302151,14.91941538731399
-700.0,210.9090909090909,28.7312097919009,509.4959824689555,14.910268235238743
-700.0,214.54545454545453,31.08566613448572,443.1313195076959,14.849163459322561
-700.0,218.1818181818182,33.15468048429641,393.35782228675134,14.93334124781976
-700.0,221.8181818181818,35.529667131924015,343.58432506580664,14.963528737453474
-700.0,225.45454545454544,38.30077106064813,293.81082784486193,14.923184901999809
-700.0,229.0909090909091,41.59888728995011,244.0373306239172,14.791541200721761
-700.0,232.72727272727272,44.19428900349405,210.85499914328756,14.83310387568628
-700.0,236.36363636363635,47.170511096275476,177.67266766265774,14.78033816261811
-700.0,240.0,48.82571664228081,161.08150192234285,14.969581251178464
-700.0,243.63636363636363,52.50486601327478,127.89917044171304,14.68610843001249
-700.0,247.27272727272725,54.508120373408495,111.30800470139813,14.686295582802503
-700.0,250.9090909090909,56.59526641974291,94.71683896108323,14.587942166063037
-700.0,254.54545454545453,55.99602435497239,-120.96831566301027,10.274289450239865
-700.0,258.1818181818182,56.364712671461696,-120.96831566301027,9.564910964346147
-700.0,261.8181818181818,55.33896076938376,-137.55948140332518,12.968436163579979
-700.0,265.45454545454544,55.79108089339571,-137.55948140332518,11.858597842805429
-700.0,269.09090909090907,55.95589558859952,-154.15064714364007,14.54215104997192
-700.0,272.7272727272727,56.008479854802026,-137.55948140332518,10.575778121390227
-700.0,276.3636363636364,55.97227798244757,-137.55948140332518,10.061024282537808
-700.0,280.0,55.81224502805173,-120.96831566301027,7.108150682277553
-700.0,283.6363636363636,55.603269622049304,-120.96831566301027,6.66274389951479
-700.0,287.27272727272725,55.371166468239984,-120.96831566301027,6.200570995217326
-700.0,290.9090909090909,55.116463406156804,-120.96831566301027,5.721615136839118
-700.0,294.54545454545456,54.83945331370559,-120.96831566301027,5.226110546804507
-700.0,298.1818181818182,54.54028978681635,-120.96831566301027,4.714550299999268
-700.0,301.8181818181818,54.205210432979925,-104.37714992269545,2.1930775550372044
-700.0,305.45454545454544,53.82061771026614,-104.37714992269545,1.6882318301799466
-700.0,309.09090909090907,53.41681849549728,-104.37714992269545,1.2007291315180233
-700.0,312.7272727272727,52.9936711622533,-104.37714992269545,0.7958336179844131
-700.0,316.3636363636364,52.55115038723806,-104.37714992269545,0.6882658158218333
-700.0,320.0,52.08935841049424,-104.37714992269545,1.0054887825684182
-700.0,323.6363636363636,51.608455179678344,-104.37714992269545,1.5140576348097337
-700.0,327.27272727272725,51.108706717360164,-104.37714992269545,2.08888464721404
-700.0,330.9090909090909,50.59047739997437,-104.37714992269545,2.695915682045494
-700.0,334.54545454545456,41.60919743728429,144.49033618202793,14.823887883288203
-700.0,338.1818181818182,40.609795105008985,161.08150192234285,14.790529986913205
-700.0,341.8181818181818,39.47472953684369,177.67266766265774,14.993617743017792
-700.0,345.45454545454544,39.52439850625845,177.67266766265774,14.735954939130663
-700.0,349.09090909090907,39.57295522194332,177.67266766265774,14.504830788231526
-700.0,352.7272727272727,38.347141389029446,194.26383340297266,14.890137479289692
-700.0,356.3636363636364,38.3733011016605,194.26383340297266,14.705410985342185
-700.0,360.0,38.40259203857291,194.26383340297266,14.53788990830493
-1200.0,0.0,35.97998202437094,330.10287564842116,14.690635127844265
-1200.0,3.6363636363636362,35.03089590189914,351.6840163486811,14.9358863041715
-1200.0,7.2727272727272725,34.995896892630306,351.6840163486811,14.67683062802607
-1200.0,10.909090909090908,34.106235521622224,373.2651570489409,14.918983195094398
-1200.0,14.545454545454545,34.07837743310488,373.2651570489409,14.681317087747288
-1200.0,18.18181818181818,33.24431545707194,394.8462977492005,14.917630072956694
-1200.0,21.818181818181817,33.22412217531041,394.8462977492005,14.70133606140457
-1200.0,25.454545454545453,32.44186522896922,416.4274384494605,14.932980629338111
-1200.0,29.09090909090909,32.429638306092755,416.4274384494605,14.741670978129994
-1200.0,32.72727272727273,31.695531184971898,438.0085791497205,14.974315411631496
-1200.0,36.36363636363636,31.691496419477335,438.0085791497205,14.816866267755149
-1200.0,40.0,31.692599018575734,438.0085791497205,14.686685349643467
-1200.0,43.63636363636363,31.00633373726216,459.5897198499801,14.956797960547057
-1200.0,47.27272727272727,31.01547746986122,459.5897198499801,14.892452572630031
-1200.0,50.90909090909091,31.029348175763104,459.5897198499801,14.881336264796365
-1200.0,54.54545454545455,31.047536747751987,459.5897198499801,14.938762859506037
-1200.0,58.18181818181818,31.769845803991203,438.0085791497205,14.76187840005365
-1200.0,61.81818181818181,32.54037955783321,416.4274384494605,14.712378762249465
-1200.0,65.45454545454545,33.36176593822139,394.8462977492005,14.814773880813725
-1200.0,69.0909090909091,35.14410224725693,351.6840163486811,14.752783132132581
-1200.0,72.72727272727272,37.196115028342795,308.52173494816134,14.819945796385618
-1200.0,76.36363636363636,38.834020664751996,-123.10107905703492,14.548483571137792
-1200.0,80.0,41.494005918968476,-123.10107905703492,11.733266269112587
-1200.0,83.63636363636364,43.26826795555875,-123.10107905703492,9.951434270155959
-1200.0,87.27272727272727,39.10316657231152,-144.68221975729472,14.380084512879755
-1200.0,90.9090909090909,40.457823148425675,-144.68221975729472,12.99212467204329
-1200.0,94.54545454545455,41.58056310319076,-144.68221975729472,11.907664616052745
-1200.0,98.18181818181817,39.85372697411818,-166.26336045755468,14.612785848648194
-1200.0,101.81818181818181,40.708067405816394,-166.26336045755468,13.759112386638774
-1200.0,105.45454545454545,41.47186907502876,-166.26336045755468,13.039135904380133
-1200.0,109.0909090909091,42.15484757862826,-166.26336045755468,12.429669378257767
-1200.0,112.72727272727272,24.585884163913345,740.1445489533577,14.98419052337772
-1200.0,116.36363636363636,21.51442917722055,955.9559559559559,14.824114870384822
-1200.0,120.0,21.61542631530953,955.9559559559559,14.050068668860717
-1200.0,123.63636363636363,21.715610008018093,955.9559559559559,13.378089421358725
-1200.0,127.27272727272727,21.815950674023693,955.9559559559559,12.790846115893755
-1200.0,130.9090909090909,21.91703700989464,955.9559559559559,12.278425237890302
-1200.0,134.54545454545453,22.01919571348943,955.9559559559559,11.836001994448566
-1200.0,138.1818181818182,22.12256515409185,955.9559559559559,11.462232055508352
-1200.0,141.8181818181818,22.227148804825944,955.9559559559559,11.158066574615189
-1200.0,145.45454545454544,22.332849122759356,955.9559559559559,10.925803212344032
-1200.0,149.0909090909091,22.43949308830397,955.9559559559559,10.768271287675505
-1200.0,152.72727272727272,22.546849689280783,955.9559559559559,10.688116248294781
-1200.0,156.36363636363635,22.65464317627438,955.9559559559559,10.687198408640928
-1200.0,160.0,22.7625654792839,955.9559559559559,10.766148164155616
-1200.0,163.63636363636363,22.870281886713443,955.9559559559559,10.924119211272417
-1200.0,167.27272727272728,22.977437914063653,955.9559559559559,11.158754885536586
-1200.0,170.9090909090909,23.08366715208792,955.9559559559559,11.466343574453463
-1200.0,174.54545454545453,23.1885939636695,955.9559559559559,11.842105638663146
-1200.0,178.1818181818182,23.291837006265663,955.9559559559559,12.280539914440734
-1200.0,181.8181818181818,23.39301507608468,955.9559559559559,12.775764807562172
-1200.0,185.45454545454544,23.491748209110387,955.9559559559559,13.32180960100756
-1200.0,189.0909090909091,23.58766489883611,955.9559559559559,13.912835272525967
-1200.0,192.72727272727272,23.680395670262087,955.9559559559559,14.54328313496179
-1200.0,196.36363636363635,24.704781498888195,891.2125338551764,14.920949578858162
-1200.0,200.0,27.343120855772472,740.1445489533577,14.91386888900115
-1200.0,203.63636363636363,30.172611055809096,610.6577047517989,14.989556757189835
-1200.0,207.27272727272725,34.474503703671616,459.5897198499801,14.949975442823478
-1200.0,210.9090909090909,39.67095540286401,330.10287564842116,14.995907224678847
-1200.0,214.54545454545453,48.5935935640122,-209.4256418580743,10.315578350812961
-1200.0,218.1818181818182,48.70040094742983,-209.4256418580743,10.237217039981397
-1200.0,221.8181818181818,48.80067872128143,-209.4256418580743,10.188698659592278
-1200.0,225.45454545454544,48.894931034721914,-209.4256418580743,10.182385648171742
-1200.0,229.0909090909091,48.98362571000268,-209.4256418580743,10.23627370797131
-1200.0,232.72727272727272,46.077230442848766,-79.93879765651533,14.086717909929495
-1200.0,236.36363636363635,49.14531393737883,-209.4256418580743,10.643878949417909
-1200.0,240.0,48.86919328304953,-101.51993835677513,7.466968367555177
-1200.0,243.63636363636363,49.277128851027015,-209.4256418580743,11.828531123501955
-1200.0,247.27272727272725,49.31372850595415,-209.4256418580743,12.977369611383267
-1200.0,250.9090909090909,49.29448941320771,-209.4256418580743,14.748918039023449
-1200.0,254.54545454545453,48.173899438861746,-123.10107905703492,5.166090932453349
-1200.0,258.1818181818182,43.50296243974039,-144.68221975729472,14.48972988359249
-1200.0,261.8181818181818,45.75545634245887,-144.68221975729472,9.169450387967435
-1200.0,265.45454545454544,44.46780615779529,-166.26336045755468,12.617324628951193
-1200.0,269.09090909090907,44.41407508714107,-187.84450115781448,14.249893711910902
-1200.0,272.7272727272727,45.20455881120794,-187.84450115781448,11.437073398107916
-1200.0,276.3636363636364,45.55810412322716,-209.4256418580743,12.532092660326208
-1200.0,280.0,45.89776427380467,-187.84450115781448,8.088417206830979
-1200.0,283.6363636363636,46.01496241634072,-187.84450115781448,7.046504887819129
-1200.0,287.27272727272725,46.04733648650214,-187.84450115781448,6.24959099820937
-1200.0,290.9090909090909,46.01939515492638,-187.84450115781448,5.633211330366587
-1200.0,294.54545454545456,45.94594117087801,-187.84450115781448,5.161093502478893
-1200.0,298.1818181818182,45.83635852539504,-187.84450115781448,4.813632396558923
-1200.0,301.8181818181818,45.675666117234194,-166.26336045755468,4.000785446993754
-1200.0,305.45454545454544,45.47271542919838,-166.26336045755468,4.156704268431117
-1200.0,309.09090909090907,45.25002839672255,-166.26336045755468,4.388199250973328
-1200.0,312.7272727272727,45.00920870695552,-166.26336045755468,4.68158432653041
-1200.0,316.3636363636364,44.75152435364539,-166.26336045755468,5.025179443493992
-1200.0,320.0,44.478027528198595,-166.26336045755468,5.409514376536048
-1200.0,323.6363636363636,44.189600534080384,-166.26336045755468,5.827142408518577
-1200.0,327.27272727272725,42.952332215717,200.61603144686237,14.923936183872957
-1200.0,330.9090909090909,41.74616204802325,222.19717214712216,14.81394132378267
-1200.0,334.54545454545456,40.52513933959505,243.77831284738195,14.863841963328419
-1200.0,338.1818181818182,39.33750298138823,265.35945354764175,14.999218596617421
-1200.0,341.8181818181818,39.292463164883564,265.35945354764175,14.615641153861596
-1200.0,345.45454545454544,38.15429534432094,286.9405942479016,14.824201665203883
-1200.0,349.09090909090907,38.10861504306177,286.9405942479016,14.490743136306744
-1200.0,352.7272727272727,37.03289077020201,308.52173494816134,14.73305746086217
-1200.0,356.3636363636364,36.02135494270256,330.10287564842116,14.974106149051424
-1200.0,360.0,35.979982024370955,330.10287564842116,14.690635127844264
